Workbook

Sheet Daily_Data
A1: 📥 DAILY DATA — Paste your data below (row 3 onwards). Do NOT change column order.
A2: effective_date | B2: employee_id | C2: department | D2: job_title | E2: salary | F2: location | G2: manager_id | H2: employee_name
A3: 2024-01-01 | B3: E001 | C3: Engineering | D3: Engineer II | E3: 95000 | F3: Atlanta | G3: M001 | H3: Alice Johnson
A4: 2024-01-15 | B4: E001 | C4: Engineering | D4: Engineer II | E4: 95000 | F4: Atlanta | G4: M001 | H4: Alice Johnson
A5: 2024-02-01 | B5: E001 | C5: Engineering | D5: Sr Engineer | E5: 110000 | F5: Atlanta | G5: M001 | H5: Alice Johnson
A6: 2024-03-15 | B6: E001 | C6: Product | D6: Sr Engineer | E6: 110000 | F6: Remote | G6: M002 | H6: Alice Johnson
A7: 2024-06-01 | B7: E001 | C7: Product | D7: Sr Engineer | E7: 110000 | F7: Remote | G7: M002 | H7: Alice Johnson
A8: 2024-01-01 | B8: E002 | C8: Finance | D8: Analyst | E8: 72000 | F8: New York | G8: M003 | H8: Bob Martinez
A9: 2024-04-01 | B9: E002 | C9: Finance | D9: Analyst | E9: 72000 | F9: New York | G9: M003 | H9: Bob Martinez
A10: 2024-06-01 | B10: E002 | C10: Finance | D10: Sr Analyst | E10: 85000 | F10: New York | G10: M003 | H10: Bob Martinez
A11: 2024-01-01 | B11: E003 | C11: HR | D11: HR Manager | E11: 88000 | F11: Chicago | G11: M004 | H11: Carol Lee
A12: 2024-04-01 | B12: E003 | C12: HR | D12: HR Director | E12: 105000 | F12: Chicago | G12: M004 | H12: Carol Lee
A13: 2024-07-01 | B13: E003 | C13: HR | D13: HR Director | E13: 105000 | F13: Chicago | G13: M004 | H13: Carol Lee

Sheet SCD_Data
A1: 📥 SCD DATA — Paste your SCD/compressed data below (row 3 onwards). Do NOT change column order.
A2: employee_id | B2: employee_name | C2: department | D2: job_title | E2: salary | F2: location | G2: manager_id | H2: effective_start_date | I2: effective_end_date
A3: E001 | B3: Alice Johnson | C3: Engineering | D3: Engineer II | E3: 95000 | F3: Atlanta | G3: M001 | H3: 2024-01-01 | I3: 2024-01-31
A4: E001 | B4: Alice Johnson | C4: Engineering | D4: Sr Engineer | E4: 110000 | F4: Atlanta | G4: M001 | H4: 2024-02-01 | I4: 2024-03-14
A5: E001 | B5: Alice Johnson | C5: Product | D5: Sr Engineer | E5: 110000 | F5: Remote | G5: M002 | H5: 2024-03-15 | I5: 9999-01-01
A6: E002 | B6: Bob Martinez | C6: Finance | D6: Analyst | E6: 72000 | F6: New York | G6: M003 | H6: 2024-01-01 | I6: 2024-05-31
A7: E002 | B7: Bob Martinez | C7: Finance | D7: Sr Analyst | E7: 85000 | F7: New York | G7: M003 | H7: 2024-06-01 | I7: 9999-01-01
A8: E003 | B8: Carol Lee | C8: HR | D8: HR Manager | E8: 88000 | F8: Chicago | G8: M004 | H8: 2024-01-01 | I8: 2024-03-31
A9: E003 | B9: Carol Lee | C9: HR | D9: HR Director | E9: 99000 | F9: Chicago | G9: M004 | H9: 2024-04-01 | I9: 9999-01-01

Sheet Reconciliation
A1: 🔍 SCD vs DAILY — RECONCILIATION | Green = Match | Red = Mismatch | Yellow = No SCD record found
A2: KEY | C2: ◀ FROM DAILY_DATA | H2: ◀ FROM SCD_DATA (date-range lookup) | M2: ATTRIBUTE MATCH FLAGS
A3: effective_date | B3: employee_id | C3: D_dept | D3: D_title | E3: D_salary | F3: D_location | G3: D_mgr | H3: S_dept | I3: S_title | J3: S_salary | K3: S_location | L3: S_mgr | M3: dept? | N3: title? | O3: salary? | P3: loc? | Q3: mgr? | R3: OVERALL STATUS
A4: =IF(Daily_Data!A3="","",Daily_Data!A3) -> 2024-01-01 | B4: =IF(Daily_Data!B3="","",Daily_Data!B3) -> E001 | C4: =IF(A4="","",Daily_Data!C3) -> Engineering | D4: =IF(A4="","",Daily_Data!D3) -> Engineer II | E4: =IF(A4="","",Daily_Data!E3) -> 95000 | F4: =IF(A4="","",Daily_Data!F3) -> Atlanta | G4: =IF(A4="","",Daily_Data!G3) -> M001 | H4: =IF(A4="","",IFERROR(INDEX(SCD_Data!$C$3:$C$502,SUMPRODUCT((SCD_Data!$A$3:$A$502=B4)*(IFERROR(DATEVALUE(SCD_Data!$H$3:$H$502&""),SCD_Data!$H$3:$H$502)<=IFERROR(DATEVALUE(A4&""),A4))*(IFERROR(DATEVALUE(SCD_Data!$I$3:$I$502&""),SCD_Data!$I$3:$I$502)>=IFERROR(DATEVALUE(A4&""),A4))*(ROW(SCD_Data!$A$3:$A$502)-2))),"—")) -> Engineering | I4: =IF(A4="","",IFERROR(INDEX(SCD_Data!$D$3:$D$502,SUMPRODUCT((SCD_Data!$A$3:$A$502=B4)*(IFERROR(DATEVALUE(SCD_Data!$H$3:$H$502&""),SCD_Data!$H$3:$H$502)<=IFERROR(DATEVALUE(A4&""),A4))*(IFERROR(DATEVALUE(SCD_Data!$I$3:$I$502&""),SCD_Data!$I$3:$I$502)>=IFERROR(DATEVALUE(A4&""),A4))*(ROW(SCD_Data!$A$3:$A$502)-2))),"—")) -> Engineer II | J4: =IF(A4="","",IFERROR(INDEX(SCD_Data!$E$3:$E$502,SUMPRODUCT((SCD_Data!$A$3:$A$502=B4)*(IFERROR(DATEVALUE(SCD_Data!$H$3:$H$502&""),SCD_Data!$H$3:$H$502)<=IFERROR(DATEVALUE(A4&""),A4))*(IFERROR(DATEVALUE(SCD_Data!$I$3:$I$502&""),SCD_Data!$I$3:$I$502)>=IFERROR(DATEVALUE(A4&""),A4))*(ROW(SCD_Data!$A$3:$A$502)-2))),"—")) -> 95000 | K4: =IF(A4="","",IFERROR(INDEX(SCD_Data!$F$3:$F$502,SUMPRODUCT((SCD_Data!$A$3:$A$502=B4)*(IFERROR(DATEVALUE(SCD_Data!$H$3:$H$502&""),SCD_Data!$H$3:$H$502)<=IFERROR(DATEVALUE(A4&""),A4))*(IFERROR(DATEVALUE(SCD_Data!$I$3:$I$502&""),SCD_Data!$I$3:$I$502)>=IFERROR(DATEVALUE(A4&""),A4))*(ROW(SCD_Data!$A$3:$A$502)-2))),"—")) -> Atlanta | L4: =IF(A4="","",IFERROR(INDEX(SCD_Data!$G$3:$G$502,SUMPRODUCT((SCD_Data!$A$3:$A$502=B4)*(IFERROR(DATEVALUE(SCD_Data!$H$3:$H$502&""),SCD_Data!$H$3:$H$502)<=IFERROR(DATEVALUE(A4&""),A4))*(IFERROR(DATEVALUE(SCD_Data!$I$3:$I$502&""),SCD_Data!$I$3:$I$502)>=IFERROR(DATEVALUE(A4&""),A4))*(ROW(SCD_Data!$A$3:$A$502)-2))),"—")) -> M001 | M4: =IF(A4="","",IF(H4="—","—",IF(C4&""=H4&"","✓","✗"))) -> ✓ | N4: =IF(A4="","",IF(H4="—","—",IF(D4&""=I4&"","✓","✗"))) -> ✓ | O4: =IF(A4="","",IF(H4="—","—",IF(ABS(E4-J4)<0.01,"✓","✗"))) -> ✓ | P4: =IF(A4="","",IF(H4="—","—",IF(F4&""=K4&"","✓","✗"))) -> ✓ | Q4: =IF(A4="","",IF(H4="—","—",IF(G4&""=L4&"","✓","✗"))) -> ✓ | R4: =IF(A4="","",IF(COUNTIF(M4:Q4,"—")=5,"⚠ NO SCD ROW",IF(COUNTIF(M4:Q4,"✗")>0,"❌ MISMATCH","✅ MATCH"))) -> ✅ MATCH
A5: =IF(Daily_Data!A4="","",Daily_Data!A4) -> 2024-01-15 | B5: =IF(Daily_Data!B4="","",Daily_Data!B4) -> E001 | C5: =IF(A5="","",Daily_Data!C4) -> Engineering | D5: =IF(A5="","",Daily_Data!D4) -> Engineer II | E5: =IF(A5="","",Daily_Data!E4) -> 95000 | F5: =IF(A5="","",Daily_Data!F4) -> Atlanta | G5: =IF(A5="","",Daily_Data!G4) -> M001 | H5: =IF(A5="","",IFERROR(INDEX(SCD_Data!$C$3:$C$502,SUMPRODUCT((SCD_Data!$A$3:$A$502=B5)*(IFERROR(DATEVALUE(SCD_Data!$H$3:$H$502&""),SCD_Data!$H$3:$H$502)<=IFERROR(DATEVALUE(A5&""),A5))*(IFERROR(DATEVALUE(SCD_Data!$I$3:$I$502&""),SCD_Data!$I$3:$I$502)>=IFERROR(DATEVALUE(A5&""),A5))*(ROW(SCD_Data!$A$3:$A$502)-2))),"—")) -> Engineering | I5: =IF(A5="","",IFERROR(INDEX(SCD_Data!$D$3:$D$502,SUMPRODUCT((SCD_Data!$A$3:$A$502=B5)*(IFERROR(DATEVALUE(SCD_Data!$H$3:$H$502&""),SCD_Data!$H$3:$H$502)<=IFERROR(DATEVALUE(A5&""),A5))*(IFERROR(DATEVALUE(SCD_Data!$I$3:$I$502&""),SCD_Data!$I$3:$I$502)>=IFERROR(DATEVALUE(A5&""),A5))*(ROW(SCD_Data!$A$3:$A$502)-2))),"—")) -> Engineer II | J5: =IF(A5="","",IFERROR(INDEX(SCD_Data!$E$3:$E$502,SUMPRODUCT((SCD_Data!$A$3:$A$502=B5)*(IFERROR(DATEVALUE(SCD_Data!$H$3:$H$502&""),SCD_Data!$H$3:$H$502)<=IFERROR(DATEVALUE(A5&""),A5))*(IFERROR(DATEVALUE(SCD_Data!$I$3:$I$502&""),SCD_Data!$I$3:$I$502)>=IFERROR(DATEVALUE(A5&""),A5))*(ROW(SCD_Data!$A$3:$A$502)-2))),"—")) -> 95000 | K5: =IF(A5="","",IFERROR(INDEX(SCD_Data!$F$3:$F$502,SUMPRODUCT((SCD_Data!$A$3:$A$502=B5)*(IFERROR(DATEVALUE(SCD_Data!$H$3:$H$502&""),SCD_Data!$H$3:$H$502)<=IFERROR(DATEVALUE(A5&""),A5))*(IFERROR(DATEVALUE(SCD_Data!$I$3:$I$502&""),SCD_Data!$I$3:$I$502)>=IFERROR(DATEVALUE(A5&""),A5))*(ROW(SCD_Data!$A$3:$A$502)-2))),"—")) -> Atlanta | L5: =IF(A5="","",IFERROR(INDEX(SCD_Data!$G$3:$G$502,SUMPRODUCT((SCD_Data!$A$3:$A$502=B5)*(IFERROR(DATEVALUE(SCD_Data!$H$3:$H$502&""),SCD_Data!$H$3:$H$502)<=IFERROR(DATEVALUE(A5&""),A5))*(IFERROR(DATEVALUE(SCD_Data!$I$3:$I$502&""),SCD_Data!$I$3:$I$502)>=IFERROR(DATEVALUE(A5&""),A5))*(ROW(SCD_Data!$A$3:$A$502)-2))),"—")) -> M001 | M5: =IF(A5="","",IF(H5="—","—",IF(C5&""=H5&"","✓","✗"))) -> ✓ | N5: =IF(A5="","",IF(H5="—","—",IF(D5&""=I5&"","✓","✗"))) -> ✓ | O5: =IF(A5="","",IF(H5="—","—",IF(ABS(E5-J5)<0.01,"✓","✗"))) -> ✓ | P5: =IF(A5="","",IF(H5="—","—",IF(F5&""=K5&"","✓","✗"))) -> ✓ | Q5: =IF(A5="","",IF(H5="—","—",IF(G5&""=L5&"","✓","✗"))) -> ✓ | R5: =IF(A5="","",IF(COUNTIF(M5:Q5,"—")=5,"⚠ NO SCD ROW",IF(COUNTIF(M5:Q5,"✗")>0,"❌ MISMATCH","✅ MATCH"))) -> ✅ MATCH
A6: =IF(Daily_Data!A5="","",Daily_Data!A5) -> 2024-02-01 | B6: =IF(Daily_Data!B5="","",Daily_Data!B5) -> E001 | C6: =IF(A6="","",Daily_Data!C5) -> Engineering | D6: =IF(A6="","",Daily_Data!D5) -> Sr Engineer | E6: =IF(A6="","",Daily_Data!E5) -> 110000 | F6: =IF(A6="","",Daily_Data!F5) -> Atlanta | G6: =IF(A6="","",Daily_Data!G5) -> M001 | H6: =IF(A6="","",IFERROR(INDEX(SCD_Data!$C$3:$C$502,SUMPRODUCT((SCD_Data!$A$3:$A$502=B6)*(IFERROR(DATEVALUE(SCD_Data!$H$3:$H$502&""),SCD_Data!$H$3:$H$502)<=IFERROR(DATEVALUE(A6&""),A6))*(IFERROR(DATEVALUE(SCD_Data!$I$3:$I$502&""),SCD_Data!$I$3:$I$502)>=IFERROR(DATEVALUE(A6&""),A6))*(ROW(SCD_Data!$A$3:$A$502)-2))),"—")) -> Engineering | I6: =IF(A6="","",IFERROR(INDEX(SCD_Data!$D$3:$D$502,SUMPRODUCT((SCD_Data!$A$3:$A$502=B6)*(IFERROR(DATEVALUE(SCD_Data!$H$3:$H$502&""),SCD_Data!$H$3:$H$502)<=IFERROR(DATEVALUE(A6&""),A6))*(IFERROR(DATEVALUE(SCD_Data!$I$3:$I$502&""),SCD_Data!$I$3:$I$502)>=IFERROR(DATEVALUE(A6&""),A6))*(ROW(SCD_Data!$A$3:$A$502)-2))),"—")) -> Sr Engineer | J6: =IF(A6="","",IFERROR(INDEX(SCD_Data!$E$3:$E$502,SUMPRODUCT((SCD_Data!$A$3:$A$502=B6)*(IFERROR(DATEVALUE(SCD_Data!$H$3:$H$502&""),SCD_Data!$H$3:$H$502)<=IFERROR(DATEVALUE(A6&""),A6))*(IFERROR(DATEVALUE(SCD_Data!$I$3:$I$502&""),SCD_Data!$I$3:$I$502)>=IFERROR(DATEVALUE(A6&""),A6))*(ROW(SCD_Data!$A$3:$A$502)-2))),"—")) -> 110000 | K6: =IF(A6="","",IFERROR(INDEX(SCD_Data!$F$3:$F$502,SUMPRODUCT((SCD_Data!$A$3:$A$502=B6)*(IFERROR(DATEVALUE(SCD_Data!$H$3:$H$502&""),SCD_Data!$H$3:$H$502)<=IFERROR(DATEVALUE(A6&""),A6))*(IFERROR(DATEVALUE(SCD_Data!$I$3:$I$502&""),SCD_Data!$I$3:$I$502)>=IFERROR(DATEVALUE(A6&""),A6))*(ROW(SCD_Data!$A$3:$A$502)-2))),"—")) -> Atlanta | L6: =IF(A6="","",IFERROR(INDEX(SCD_Data!$G$3:$G$502,SUMPRODUCT((SCD_Data!$A$3:$A$502=B6)*(IFERROR(DATEVALUE(SCD_Data!$H$3:$H$502&""),SCD_Data!$H$3:$H$502)<=IFERROR(DATEVALUE(A6&""),A6))*(IFERROR(DATEVALUE(SCD_Data!$I$3:$I$502&""),SCD_Data!$I$3:$I$502)>=IFERROR(DATEVALUE(A6&""),A6))*(ROW(SCD_Data!$A$3:$A$502)-2))),"—")) -> M001 | M6: =IF(A6="","",IF(H6="—","—",IF(C6&""=H6&"","✓","✗"))) -> ✓ | N6: =IF(A6="","",IF(H6="—","—",IF(D6&""=I6&"","✓","✗"))) -> ✓ | O6: =IF(A6="","",IF(H6="—","—",IF(ABS(E6-J6)<0.01,"✓","✗"))) -> ✓ | P6: =IF(A6="","",IF(H6="—","—",IF(F6&""=K6&"","✓","✗"))) -> ✓ | Q6: =IF(A6="","",IF(H6="—","—",IF(G6&""=L6&"","✓","✗"))) -> ✓ | R6: =IF(A6="","",IF(COUNTIF(M6:Q6,"—")=5,"⚠ NO SCD ROW",IF(COUNTIF(M6:Q6,"✗")>0,"❌ MISMATCH","✅ MATCH"))) -> ✅ MATCH
A7: =IF(Daily_Data!A6="","",Daily_Data!A6) -> 2024-03-15 | B7: =IF(Daily_Data!B6="","",Daily_Data!B6) -> E001 | C7: =IF(A7="","",Daily_Data!C6) -> Product | D7: =IF(A7="","",Daily_Data!D6) -> Sr Engineer | E7: =IF(A7="","",Daily_Data!E6) -> 110000 | F7: =IF(A7="","",Daily_Data!F6) -> Remote | G7: =IF(A7="","",Daily_Data!G6) -> M002 | H7: =IF(A7="","",IFERROR(INDEX(SCD_Data!$C$3:$C$502,SUMPRODUCT((SCD_Data!$A$3:$A$502=B7)*(IFERROR(DATEVALUE(SCD_Data!$H$3:$H$502&""),SCD_Data!$H$3:$H$502)<=IFERROR(DATEVALUE(A7&""),A7))*(IFERROR(DATEVALUE(SCD_Data!$I$3:$I$502&""),SCD_Data!$I$3:$I$502)>=IFERROR(DATEVALUE(A7&""),A7))*(ROW(SCD_Data!$A$3:$A$502)-2))),"—")) -> Product | I7: =IF(A7="","",IFERROR(INDEX(SCD_Data!$D$3:$D$502,SUMPRODUCT((SCD_Data!$A$3:$A$502=B7)*(IFERROR(DATEVALUE(SCD_Data!$H$3:$H$502&""),SCD_Data!$H$3:$H$502)<=IFERROR(DATEVALUE(A7&""),A7))*(IFERROR(DATEVALUE(SCD_Data!$I$3:$I$502&""),SCD_Data!$I$3:$I$502)>=IFERROR(DATEVALUE(A7&""),A7))*(ROW(SCD_Data!$A$3:$A$502)-2))),"—")) -> Sr Engineer | J7: =IF(A7="","",IFERROR(INDEX(SCD_Data!$E$3:$E$502,SUMPRODUCT((SCD_Data!$A$3:$A$502=B7)*(IFERROR(DATEVALUE(SCD_Data!$H$3:$H$502&""),SCD_Data!$H$3:$H$502)<=IFERROR(DATEVALUE(A7&""),A7))*(IFERROR(DATEVALUE(SCD_Data!$I$3:$I$502&""),SCD_Data!$I$3:$I$502)>=IFERROR(DATEVALUE(A7&""),A7))*(ROW(SCD_Data!$A$3:$A$502)-2))),"—")) -> 110000 | K7: =IF(A7="","",IFERROR(INDEX(SCD_Data!$F$3:$F$502,SUMPRODUCT((SCD_Data!$A$3:$A$502=B7)*(IFERROR(DATEVALUE(SCD_Data!$H$3:$H$502&""),SCD_Data!$H$3:$H$502)<=IFERROR(DATEVALUE(A7&""),A7))*(IFERROR(DATEVALUE(SCD_Data!$I$3:$I$502&""),SCD_Data!$I$3:$I$502)>=IFERROR(DATEVALUE(A7&""),A7))*(ROW(SCD_Data!$A$3:$A$502)-2))),"—")) -> Remote | L7: =IF(A7="","",IFERROR(INDEX(SCD_Data!$G$3:$G$502,SUMPRODUCT((SCD_Data!$A$3:$A$502=B7)*(IFERROR(DATEVALUE(SCD_Data!$H$3:$H$502&""),SCD_Data!$H$3:$H$502)<=IFERROR(DATEVALUE(A7&""),A7))*(IFERROR(DATEVALUE(SCD_Data!$I$3:$I$502&""),SCD_Data!$I$3:$I$502)>=IFERROR(DATEVALUE(A7&""),A7))*(ROW(SCD_Data!$A$3:$A$502)-2))),"—")) -> M002 | M7: =IF(A7="","",IF(H7="—","—",IF(C7&""=H7&"","✓","✗"))) -> ✓ | N7: =IF(A7="","",IF(H7="—","—",IF(D7&""=I7&"","✓","✗"))) -> ✓ | O7: =IF(A7="","",IF(H7="—","—",IF(ABS(E7-J7)<0.01,"✓","✗"))) -> ✓ | P7: =IF(A7="","",IF(H7="—","—",IF(F7&""=K7&"","✓","✗"))) -> ✓ | Q7: =IF(A7="","",IF(H7="—","—",IF(G7&""=L7&"","✓","✗"))) -> ✓ | R7: =IF(A7="","",IF(COUNTIF(M7:Q7,"—")=5,"⚠ NO SCD ROW",IF(COUNTIF(M7:Q7,"✗")>0,"❌ MISMATCH","✅ MATCH"))) -> ✅ MATCH
A8: =IF(Daily_Data!A7="","",Daily_Data!A7) -> 2024-06-01 | B8: =IF(Daily_Data!B7="","",Daily_Data!B7) -> E001 | C8: =IF(A8="","",Daily_Data!C7) -> Product | D8: =IF(A8="","",Daily_Data!D7) -> Sr Engineer | E8: =IF(A8="","",Daily_Data!E7) -> 110000 | F8: =IF(A8="","",Daily_Data!F7) -> Remote | G8: =IF(A8="","",Daily_Data!G7) -> M002 | H8: =IF(A8="","",IFERROR(INDEX(SCD_Data!$C$3:$C$502,SUMPRODUCT((SCD_Data!$A$3:$A$502=B8)*(IFERROR(DATEVALUE(SCD_Data!$H$3:$H$502&""),SCD_Data!$H$3:$H$502)<=IFERROR(DATEVALUE(A8&""),A8))*(IFERROR(DATEVALUE(SCD_Data!$I$3:$I$502&""),SCD_Data!$I$3:$I$502)>=IFERROR(DATEVALUE(A8&""),A8))*(ROW(SCD_Data!$A$3:$A$502)-2))),"—")) -> Product | I8: =IF(A8="","",IFERROR(INDEX(SCD_Data!$D$3:$D$502,SUMPRODUCT((SCD_Data!$A$3:$A$502=B8)*(IFERROR(DATEVALUE(SCD_Data!$H$3:$H$502&""),SCD_Data!$H$3:$H$502)<=IFERROR(DATEVALUE(A8&""),A8))*(IFERROR(DATEVALUE(SCD_Data!$I$3:$I$502&""),SCD_Data!$I$3:$I$502)>=IFERROR(DATEVALUE(A8&""),A8))*(ROW(SCD_Data!$A$3:$A$502)-2))),"—")) -> Sr Engineer | J8: =IF(A8="","",IFERROR(INDEX(SCD_Data!$E$3:$E$502,SUMPRODUCT((SCD_Data!$A$3:$A$502=B8)*(IFERROR(DATEVALUE(SCD_Data!$H$3:$H$502&""),SCD_Data!$H$3:$H$502)<=IFERROR(DATEVALUE(A8&""),A8))*(IFERROR(DATEVALUE(SCD_Data!$I$3:$I$502&""),SCD_Data!$I$3:$I$502)>=IFERROR(DATEVALUE(A8&""),A8))*(ROW(SCD_Data!$A$3:$A$502)-2))),"—")) -> 110000 | K8: =IF(A8="","",IFERROR(INDEX(SCD_Data!$F$3:$F$502,SUMPRODUCT((SCD_Data!$A$3:$A$502=B8)*(IFERROR(DATEVALUE(SCD_Data!$H$3:$H$502&""),SCD_Data!$H$3:$H$502)<=IFERROR(DATEVALUE(A8&""),A8))*(IFERROR(DATEVALUE(SCD_Data!$I$3:$I$502&""),SCD_Data!$I$3:$I$502)>=IFERROR(DATEVALUE(A8&""),A8))*(ROW(SCD_Data!$A$3:$A$502)-2))),"—")) -> Remote | L8: =IF(A8="","",IFERROR(INDEX(SCD_Data!$G$3:$G$502,SUMPRODUCT((SCD_Data!$A$3:$A$502=B8)*(IFERROR(DATEVALUE(SCD_Data!$H$3:$H$502&""),SCD_Data!$H$3:$H$502)<=IFERROR(DATEVALUE(A8&""),A8))*(IFERROR(DATEVALUE(SCD_Data!$I$3:$I$502&""),SCD_Data!$I$3:$I$502)>=IFERROR(DATEVALUE(A8&""),A8))*(ROW(SCD_Data!$A$3:$A$502)-2))),"—")) -> M002 | M8: =IF(A8="","",IF(H8="—","—",IF(C8&""=H8&"","✓","✗"))) -> ✓ | N8: =IF(A8="","",IF(H8="—","—",IF(D8&""=I8&"","✓","✗"))) -> ✓ | O8: =IF(A8="","",IF(H8="—","—",IF(ABS(E8-J8)<0.01,"✓","✗"))) -> ✓ | P8: =IF(A8="","",IF(H8="—","—",IF(F8&""=K8&"","✓","✗"))) -> ✓ | Q8: =IF(A8="","",IF(H8="—","—",IF(G8&""=L8&"","✓","✗"))) -> ✓ | R8: =IF(A8="","",IF(COUNTIF(M8:Q8,"—")=5,"⚠ NO SCD ROW",IF(COUNTIF(M8:Q8,"✗")>0,"❌ MISMATCH","✅ MATCH"))) -> ✅ MATCH
A9: =IF(Daily_Data!A8="","",Daily_Data!A8) -> 2024-01-01 | B9: =IF(Daily_Data!B8="","",Daily_Data!B8) -> E002 | C9: =IF(A9="","",Daily_Data!C8) -> Finance | D9: =IF(A9="","",Daily_Data!D8) -> Analyst | E9: =IF(A9="","",Daily_Data!E8) -> 72000 | F9: =IF(A9="","",Daily_Data!F8) -> New York | G9: =IF(A9="","",Daily_Data!G8) -> M003 | H9: =IF(A9="","",IFERROR(INDEX(SCD_Data!$C$3:$C$502,SUMPRODUCT((SCD_Data!$A$3:$A$502=B9)*(IFERROR(DATEVALUE(SCD_Data!$H$3:$H$502&""),SCD_Data!$H$3:$H$502)<=IFERROR(DATEVALUE(A9&""),A9))*(IFERROR(DATEVALUE(SCD_Data!$I$3:$I$502&""),SCD_Data!$I$3:$I$502)>=IFERROR(DATEVALUE(A9&""),A9))*(ROW(SCD_Data!$A$3:$A$502)-2))),"—")) -> Finance | I9: =IF(A9="","",IFERROR(INDEX(SCD_Data!$D$3:$D$502,SUMPRODUCT((SCD_Data!$A$3:$A$502=B9)*(IFERROR(DATEVALUE(SCD_Data!$H$3:$H$502&""),SCD_Data!$H$3:$H$502)<=IFERROR(DATEVALUE(A9&""),A9))*(IFERROR(DATEVALUE(SCD_Data!$I$3:$I$502&""),SCD_Data!$I$3:$I$502)>=IFERROR(DATEVALUE(A9&""),A9))*(ROW(SCD_Data!$A$3:$A$502)-2))),"—")) -> Analyst | J9: =IF(A9="","",IFERROR(INDEX(SCD_Data!$E$3:$E$502,SUMPRODUCT((SCD_Data!$A$3:$A$502=B9)*(IFERROR(DATEVALUE(SCD_Data!$H$3:$H$502&""),SCD_Data!$H$3:$H$502)<=IFERROR(DATEVALUE(A9&""),A9))*(IFERROR(DATEVALUE(SCD_Data!$I$3:$I$502&""),SCD_Data!$I$3:$I$502)>=IFERROR(DATEVALUE(A9&""),A9))*(ROW(SCD_Data!$A$3:$A$502)-2))),"—")) -> 72000 | K9: =IF(A9="","",IFERROR(INDEX(SCD_Data!$F$3:$F$502,SUMPRODUCT((SCD_Data!$A$3:$A$502=B9)*(IFERROR(DATEVALUE(SCD_Data!$H$3:$H$502&""),SCD_Data!$H$3:$H$502)<=IFERROR(DATEVALUE(A9&""),A9))*(IFERROR(DATEVALUE(SCD_Data!$I$3:$I$502&""),SCD_Data!$I$3:$I$502)>=IFERROR(DATEVALUE(A9&""),A9))*(ROW(SCD_Data!$A$3:$A$502)-2))),"—")) -> New York | L9: =IF(A9="","",IFERROR(INDEX(SCD_Data!$G$3:$G$502,SUMPRODUCT((SCD_Data!$A$3:$A$502=B9)*(IFERROR(DATEVALUE(SCD_Data!$H$3:$H$502&""),SCD_Data!$H$3:$H$502)<=IFERROR(DATEVALUE(A9&""),A9))*(IFERROR(DATEVALUE(SCD_Data!$I$3:$I$502&""),SCD_Data!$I$3:$I$502)>=IFERROR(DATEVALUE(A9&""),A9))*(ROW(SCD_Data!$A$3:$A$502)-2))),"—")) -> M003 | M9: =IF(A9="","",IF(H9="—","—",IF(C9&""=H9&"","✓","✗"))) -> ✓ | N9: =IF(A9="","",IF(H9="—","—",IF(D9&""=I9&"","✓","✗"))) -> ✓ | O9: =IF(A9="","",IF(H9="—","—",IF(ABS(E9-J9)<0.01,"✓","✗"))) -> ✓ | P9: =IF(A9="","",IF(H9="—","—",IF(F9&""=K9&"","✓","✗"))) -> ✓ | Q9: =IF(A9="","",IF(H9="—","—",IF(G9&""=L9&"","✓","✗"))) -> ✓ | R9: =IF(A9="","",IF(COUNTIF(M9:Q9,"—")=5,"⚠ NO SCD ROW",IF(COUNTIF(M9:Q9,"✗")>0,"❌ MISMATCH","✅ MATCH"))) -> ✅ MATCH
A10: =IF(Daily_Data!A9="","",Daily_Data!A9) -> 2024-04-01 | B10: =IF(Daily_Data!B9="","",Daily_Data!B9) -> E002 | C10: =IF(A10="","",Daily_Data!C9) -> Finance | D10: =IF(A10="","",Daily_Data!D9) -> Analyst | E10: =IF(A10="","",Daily_Data!E9) -> 72000 | F10: =IF(A10="","",Daily_Data!F9) -> New York | G10: =IF(A10="","",Daily_Data!G9) -> M003 | H10: =IF(A10="","",IFERROR(INDEX(SCD_Data!$C$3:$C$502,SUMPRODUCT((SCD_Data!$A$3:$A$502=B10)*(IFERROR(DATEVALUE(SCD_Data!$H$3:$H$502&""),SCD_Data!$H$3:$H$502)<=IFERROR(DATEVALUE(A10&""),A10))*(IFERROR(DATEVALUE(SCD_Data!$I$3:$I$502&""),SCD_Data!$I$3:$I$502)>=IFERROR(DATEVALUE(A10&""),A10))*(ROW(SCD_Data!$A$3:$A$502)-2))),"—")) -> Finance | I10: =IF(A10="","",IFERROR(INDEX(SCD_Data!$D$3:$D$502,SUMPRODUCT((SCD_Data!$A$3:$A$502=B10)*(IFERROR(DATEVALUE(SCD_Data!$H$3:$H$502&""),SCD_Data!$H$3:$H$502)<=IFERROR(DATEVALUE(A10&""),A10))*(IFERROR(DATEVALUE(SCD_Data!$I$3:$I$502&""),SCD_Data!$I$3:$I$502)>=IFERROR(DATEVALUE(A10&""),A10))*(ROW(SCD_Data!$A$3:$A$502)-2))),"—")) -> Analyst | J10: =IF(A10="","",IFERROR(INDEX(SCD_Data!$E$3:$E$502,SUMPRODUCT((SCD_Data!$A$3:$A$502=B10)*(IFERROR(DATEVALUE(SCD_Data!$H$3:$H$502&""),SCD_Data!$H$3:$H$502)<=IFERROR(DATEVALUE(A10&""),A10))*(IFERROR(DATEVALUE(SCD_Data!$I$3:$I$502&""),SCD_Data!$I$3:$I$502)>=IFERROR(DATEVALUE(A10&""),A10))*(ROW(SCD_Data!$A$3:$A$502)-2))),"—")) -> 72000 | K10: =IF(A10="","",IFERROR(INDEX(SCD_Data!$F$3:$F$502,SUMPRODUCT((SCD_Data!$A$3:$A$502=B10)*(IFERROR(DATEVALUE(SCD_Data!$H$3:$H$502&""),SCD_Data!$H$3:$H$502)<=IFERROR(DATEVALUE(A10&""),A10))*(IFERROR(DATEVALUE(SCD_Data!$I$3:$I$502&""),SCD_Data!$I$3:$I$502)>=IFERROR(DATEVALUE(A10&""),A10))*(ROW(SCD_Data!$A$3:$A$502)-2))),"—")) -> New York | L10: =IF(A10="","",IFERROR(INDEX(SCD_Data!$G$3:$G$502,SUMPRODUCT((SCD_Data!$A$3:$A$502=B10)*(IFERROR(DATEVALUE(SCD_Data!$H$3:$H$502&""),SCD_Data!$H$3:$H$502)<=IFERROR(DATEVALUE(A10&""),A10))*(IFERROR(DATEVALUE(SCD_Data!$I$3:$I$502&""),SCD_Data!$I$3:$I$502)>=IFERROR(DATEVALUE(A10&""),A10))*(ROW(SCD_Data!$A$3:$A$502)-2))),"—")) -> M003 | M10: =IF(A10="","",IF(H10="—","—",IF(C10&""=H10&"","✓","✗"))) -> ✓ | N10: =IF(A10="","",IF(H10="—","—",IF(D10&""=I10&"","✓","✗"))) -> ✓ | O10: =IF(A10="","",IF(H10="—","—",IF(ABS(E10-J10)<0.01,"✓","✗"))) -> ✓ | P10: =IF(A10="","",IF(H10="—","—",IF(F10&""=K10&"","✓","✗"))) -> ✓ | Q10: =IF(A10="","",IF(H10="—","—",IF(G10&""=L10&"","✓","✗"))) -> ✓ | R10: =IF(A10="","",IF(COUNTIF(M10:Q10,"—")=5,"⚠ NO SCD ROW",IF(COUNTIF(M10:Q10,"✗")>0,"❌ MISMATCH","✅ MATCH"))) -> ✅ MATCH
A11: =IF(Daily_Data!A10="","",Daily_Data!A10) -> 2024-06-01 | B11: =IF(Daily_Data!B10="","",Daily_Data!B10) -> E002 | C11: =IF(A11="","",Daily_Data!C10) -> Finance | D11: =IF(A11="","",Daily_Data!D10) -> Sr Analyst | E11: =IF(A11="","",Daily_Data!E10) -> 85000 | F11: =IF(A11="","",Daily_Data!F10) -> New York | G11: =IF(A11="","",Daily_Data!G10) -> M003 | H11: =IF(A11="","",IFERROR(INDEX(SCD_Data!$C$3:$C$502,SUMPRODUCT((SCD_Data!$A$3:$A$502=B11)*(IFERROR(DATEVALUE(SCD_Data!$H$3:$H$502&""),SCD_Data!$H$3:$H$502)<=IFERROR(DATEVALUE(A11&""),A11))*(IFERROR(DATEVALUE(SCD_Data!$I$3:$I$502&""),SCD_Data!$I$3:$I$502)>=IFERROR(DATEVALUE(A11&""),A11))*(ROW(SCD_Data!$A$3:$A$502)-2))),"—")) -> Finance | I11: =IF(A11="","",IFERROR(INDEX(SCD_Data!$D$3:$D$502,SUMPRODUCT((SCD_Data!$A$3:$A$502=B11)*(IFERROR(DATEVALUE(SCD_Data!$H$3:$H$502&""),SCD_Data!$H$3:$H$502)<=IFERROR(DATEVALUE(A11&""),A11))*(IFERROR(DATEVALUE(SCD_Data!$I$3:$I$502&""),SCD_Data!$I$3:$I$502)>=IFERROR(DATEVALUE(A11&""),A11))*(ROW(SCD_Data!$A$3:$A$502)-2))),"—")) -> Sr Analyst | J11: =IF(A11="","",IFERROR(INDEX(SCD_Data!$E$3:$E$502,SUMPRODUCT((SCD_Data!$A$3:$A$502=B11)*(IFERROR(DATEVALUE(SCD_Data!$H$3:$H$502&""),SCD_Data!$H$3:$H$502)<=IFERROR(DATEVALUE(A11&""),A11))*(IFERROR(DATEVALUE(SCD_Data!$I$3:$I$502&""),SCD_Data!$I$3:$I$502)>=IFERROR(DATEVALUE(A11&""),A11))*(ROW(SCD_Data!$A$3:$A$502)-2))),"—")) -> 85000 | K11: =IF(A11="","",IFERROR(INDEX(SCD_Data!$F$3:$F$502,SUMPRODUCT((SCD_Data!$A$3:$A$502=B11)*(IFERROR(DATEVALUE(SCD_Data!$H$3:$H$502&""),SCD_Data!$H$3:$H$502)<=IFERROR(DATEVALUE(A11&""),A11))*(IFERROR(DATEVALUE(SCD_Data!$I$3:$I$502&""),SCD_Data!$I$3:$I$502)>=IFERROR(DATEVALUE(A11&""),A11))*(ROW(SCD_Data!$A$3:$A$502)-2))),"—")) -> New York | L11: =IF(A11="","",IFERROR(INDEX(SCD_Data!$G$3:$G$502,SUMPRODUCT((SCD_Data!$A$3:$A$502=B11)*(IFERROR(DATEVALUE(SCD_Data!$H$3:$H$502&""),SCD_Data!$H$3:$H$502)<=IFERROR(DATEVALUE(A11&""),A11))*(IFERROR(DATEVALUE(SCD_Data!$I$3:$I$502&""),SCD_Data!$I$3:$I$502)>=IFERROR(DATEVALUE(A11&""),A11))*(ROW(SCD_Data!$A$3:$A$502)-2))),"—")) -> M003 | M11: =IF(A11="","",IF(H11="—","—",IF(C11&""=H11&"","✓","✗"))) -> ✓ | N11: =IF(A11="","",IF(H11="—","—",IF(D11&""=I11&"","✓","✗"))) -> ✓ | O11: =IF(A11="","",IF(H11="—","—",IF(ABS(E11-J11)<0.01,"✓","✗"))) -> ✓ | P11: =IF(A11="","",IF(H11="—","—",IF(F11&""=K11&"","✓","✗"))) -> ✓ | Q11: =IF(A11="","",IF(H11="—","—",IF(G11&""=L11&"","✓","✗"))) -> ✓ | R11: =IF(A11="","",IF(COUNTIF(M11:Q11,"—")=5,"⚠ NO SCD ROW",IF(COUNTIF(M11:Q11,"✗")>0,"❌ MISMATCH","✅ MATCH"))) -> ✅ MATCH
A12: =IF(Daily_Data!A11="","",Daily_Data!A11) -> 2024-01-01 | B12: =IF(Daily_Data!B11="","",Daily_Data!B11) -> E003 | C12: =IF(A12="","",Daily_Data!C11) -> HR | D12: =IF(A12="","",Daily_Data!D11) -> HR Manager | E12: =IF(A12="","",Daily_Data!E11) -> 88000 | F12: =IF(A12="","",Daily_Data!F11) -> Chicago | G12: =IF(A12="","",Daily_Data!G11) -> M004 | H12: =IF(A12="","",IFERROR(INDEX(SCD_Data!$C$3:$C$502,SUMPRODUCT((SCD_Data!$A$3:$A$502=B12)*(IFERROR(DATEVALUE(SCD_Data!$H$3:$H$502&""),SCD_Data!$H$3:$H$502)<=IFERROR(DATEVALUE(A12&""),A12))*(IFERROR(DATEVALUE(SCD_Data!$I$3:$I$502&""),SCD_Data!$I$3:$I$502)>=IFERROR(DATEVALUE(A12&""),A12))*(ROW(SCD_Data!$A$3:$A$502)-2))),"—")) -> HR | I12: =IF(A12="","",IFERROR(INDEX(SCD_Data!$D$3:$D$502,SUMPRODUCT((SCD_Data!$A$3:$A$502=B12)*(IFERROR(DATEVALUE(SCD_Data!$H$3:$H$502&""),SCD_Data!$H$3:$H$502)<=IFERROR(DATEVALUE(A12&""),A12))*(IFERROR(DATEVALUE(SCD_Data!$I$3:$I$502&""),SCD_Data!$I$3:$I$502)>=IFERROR(DATEVALUE(A12&""),A12))*(ROW(SCD_Data!$A$3:$A$502)-2))),"—")) -> HR Manager | J12: =IF(A12="","",IFERROR(INDEX(SCD_Data!$E$3:$E$502,SUMPRODUCT((SCD_Data!$A$3:$A$502=B12)*(IFERROR(DATEVALUE(SCD_Data!$H$3:$H$502&""),SCD_Data!$H$3:$H$502)<=IFERROR(DATEVALUE(A12&""),A12))*(IFERROR(DATEVALUE(SCD_Data!$I$3:$I$502&""),SCD_Data!$I$3:$I$502)>=IFERROR(DATEVALUE(A12&""),A12))*(ROW(SCD_Data!$A$3:$A$502)-2))),"—")) -> 88000 | K12: =IF(A12="","",IFERROR(INDEX(SCD_Data!$F$3:$F$502,SUMPRODUCT((SCD_Data!$A$3:$A$502=B12)*(IFERROR(DATEVALUE(SCD_Data!$H$3:$H$502&""),SCD_Data!$H$3:$H$502)<=IFERROR(DATEVALUE(A12&""),A12))*(IFERROR(DATEVALUE(SCD_Data!$I$3:$I$502&""),SCD_Data!$I$3:$I$502)>=IFERROR(DATEVALUE(A12&""),A12))*(ROW(SCD_Data!$A$3:$A$502)-2))),"—")) -> Chicago | L12: =IF(A12="","",IFERROR(INDEX(SCD_Data!$G$3:$G$502,SUMPRODUCT((SCD_Data!$A$3:$A$502=B12)*(IFERROR(DATEVALUE(SCD_Data!$H$3:$H$502&""),SCD_Data!$H$3:$H$502)<=IFERROR(DATEVALUE(A12&""),A12))*(IFERROR(DATEVALUE(SCD_Data!$I$3:$I$502&""),SCD_Data!$I$3:$I$502)>=IFERROR(DATEVALUE(A12&""),A12))*(ROW(SCD_Data!$A$3:$A$502)-2))),"—")) -> M004 | M12: =IF(A12="","",IF(H12="—","—",IF(C12&""=H12&"","✓","✗"))) -> ✓ | N12: =IF(A12="","",IF(H12="—","—",IF(D12&""=I12&"","✓","✗"))) -> ✓ | O12: =IF(A12="","",IF(H12="—","—",IF(ABS(E12-J12)<0.01,"✓","✗"))) -> ✓ | P12: =IF(A12="","",IF(H12="—","—",IF(F12&""=K12&"","✓","✗"))) -> ✓ | Q12: =IF(A12="","",IF(H12="—","—",IF(G12&""=L12&"","✓","✗"))) -> ✓ | R12: =IF(A12="","",IF(COUNTIF(M12:Q12,"—")=5,"⚠ NO SCD ROW",IF(COUNTIF(M12:Q12,"✗")>0,"❌ MISMATCH","✅ MATCH"))) -> ✅ MATCH
A13: =IF(Daily_Data!A12="","",Daily_Data!A12) -> 2024-04-01 | B13: =IF(Daily_Data!B12="","",Daily_Data!B12) -> E003 | C13: =IF(A13="","",Daily_Data!C12) -> HR | D13: =IF(A13="","",Daily_Data!D12) -> HR Director | E13: =IF(A13="","",Daily_Data!E12) -> 105000 | F13: =IF(A13="","",Daily_Data!F12) -> Chicago | G13: =IF(A13="","",Daily_Data!G12) -> M004 | H13: =IF(A13="","",IFERROR(INDEX(SCD_Data!$C$3:$C$502,SUMPRODUCT((SCD_Data!$A$3:$A$502=B13)*(IFERROR(DATEVALUE(SCD_Data!$H$3:$H$502&""),SCD_Data!$H$3:$H$502)<=IFERROR(DATEVALUE(A13&""),A13))*(IFERROR(DATEVALUE(SCD_Data!$I$3:$I$502&""),SCD_Data!$I$3:$I$502)>=IFERROR(DATEVALUE(A13&""),A13))*(ROW(SCD_Data!$A$3:$A$502)-2))),"—")) -> HR | I13: =IF(A13="","",IFERROR(INDEX(SCD_Data!$D$3:$D$502,SUMPRODUCT((SCD_Data!$A$3:$A$502=B13)*(IFERROR(DATEVALUE(SCD_Data!$H$3:$H$502&""),SCD_Data!$H$3:$H$502)<=IFERROR(DATEVALUE(A13&""),A13))*(IFERROR(DATEVALUE(SCD_Data!$I$3:$I$502&""),SCD_Data!$I$3:$I$502)>=IFERROR(DATEVALUE(A13&""),A13))*(ROW(SCD_Data!$A$3:$A$502)-2))),"—")) -> HR Director | J13: =IF(A13="","",IFERROR(INDEX(SCD_Data!$E$3:$E$502,SUMPRODUCT((SCD_Data!$A$3:$A$502=B13)*(IFERROR(DATEVALUE(SCD_Data!$H$3:$H$502&""),SCD_Data!$H$3:$H$502)<=IFERROR(DATEVALUE(A13&""),A13))*(IFERROR(DATEVALUE(SCD_Data!$I$3:$I$502&""),SCD_Data!$I$3:$I$502)>=IFERROR(DATEVALUE(A13&""),A13))*(ROW(SCD_Data!$A$3:$A$502)-2))),"—")) -> 99000 | K13: =IF(A13="","",IFERROR(INDEX(SCD_Data!$F$3:$F$502,SUMPRODUCT((SCD_Data!$A$3:$A$502=B13)*(IFERROR(DATEVALUE(SCD_Data!$H$3:$H$502&""),SCD_Data!$H$3:$H$502)<=IFERROR(DATEVALUE(A13&""),A13))*(IFERROR(DATEVALUE(SCD_Data!$I$3:$I$502&""),SCD_Data!$I$3:$I$502)>=IFERROR(DATEVALUE(A13&""),A13))*(ROW(SCD_Data!$A$3:$A$502)-2))),"—")) -> Chicago | L13: =IF(A13="","",IFERROR(INDEX(SCD_Data!$G$3:$G$502,SUMPRODUCT((SCD_Data!$A$3:$A$502=B13)*(IFERROR(DATEVALUE(SCD_Data!$H$3:$H$502&""),SCD_Data!$H$3:$H$502)<=IFERROR(DATEVALUE(A13&""),A13))*(IFERROR(DATEVALUE(SCD_Data!$I$3:$I$502&""),SCD_Data!$I$3:$I$502)>=IFERROR(DATEVALUE(A13&""),A13))*(ROW(SCD_Data!$A$3:$A$502)-2))),"—")) -> M004 | M13: =IF(A13="","",IF(H13="—","—",IF(C13&""=H13&"","✓","✗"))) -> ✓ | N13: =IF(A13="","",IF(H13="—","—",IF(D13&""=I13&"","✓","✗"))) -> ✓ | O13: =IF(A13="","",IF(H13="—","—",IF(ABS(E13-J13)<0.01,"✓","✗"))) -> ✗ | P13: =IF(A13="","",IF(H13="—","—",IF(F13&""=K13&"","✓","✗"))) -> ✓ | Q13: =IF(A13="","",IF(H13="—","—",IF(G13&""=L13&"","✓","✗"))) -> ✓ | R13: =IF(A13="","",IF(COUNTIF(M13:Q13,"—")=5,"⚠ NO SCD ROW",IF(COUNTIF(M13:Q13,"✗")>0,"❌ MISMATCH","✅ MATCH"))) -> ❌ MISMATCH
A14: =IF(Daily_Data!A13="","",Daily_Data!A13) -> 2024-07-01 | B14: =IF(Daily_Data!B13="","",Daily_Data!B13) -> E003 | C14: =IF(A14="","",Daily_Data!C13) -> HR | D14: =IF(A14="","",Daily_Data!D13) -> HR Director | E14: =IF(A14="","",Daily_Data!E13) -> 105000 | F14: =IF(A14="","",Daily_Data!F13) -> Chicago | G14: =IF(A14="","",Daily_Data!G13) -> M004 | H14: =IF(A14="","",IFERROR(INDEX(SCD_Data!$C$3:$C$502,SUMPRODUCT((SCD_Data!$A$3:$A$502=B14)*(IFERROR(DATEVALUE(SCD_Data!$H$3:$H$502&""),SCD_Data!$H$3:$H$502)<=IFERROR(DATEVALUE(A14&""),A14))*(IFERROR(DATEVALUE(SCD_Data!$I$3:$I$502&""),SCD_Data!$I$3:$I$502)>=IFERROR(DATEVALUE(A14&""),A14))*(ROW(SCD_Data!$A$3:$A$502)-2))),"—")) -> HR | I14: =IF(A14="","",IFERROR(INDEX(SCD_Data!$D$3:$D$502,SUMPRODUCT((SCD_Data!$A$3:$A$502=B14)*(IFERROR(DATEVALUE(SCD_Data!$H$3:$H$502&""),SCD_Data!$H$3:$H$502)<=IFERROR(DATEVALUE(A14&""),A14))*(IFERROR(DATEVALUE(SCD_Data!$I$3:$I$502&""),SCD_Data!$I$3:$I$502)>=IFERROR(DATEVALUE(A14&""),A14))*(ROW(SCD_Data!$A$3:$A$502)-2))),"—")) -> HR Director | J14: =IF(A14="","",IFERROR(INDEX(SCD_Data!$E$3:$E$502,SUMPRODUCT((SCD_Data!$A$3:$A$502=B14)*(IFERROR(DATEVALUE(SCD_Data!$H$3:$H$502&""),SCD_Data!$H$3:$H$502)<=IFERROR(DATEVALUE(A14&""),A14))*(IFERROR(DATEVALUE(SCD_Data!$I$3:$I$502&""),SCD_Data!$I$3:$I$502)>=IFERROR(DATEVALUE(A14&""),A14))*(ROW(SCD_Data!$A$3:$A$502)-2))),"—")) -> 99000 | K14: =IF(A14="","",IFERROR(INDEX(SCD_Data!$F$3:$F$502,SUMPRODUCT((SCD_Data!$A$3:$A$502=B14)*(IFERROR(DATEVALUE(SCD_Data!$H$3:$H$502&""),SCD_Data!$H$3:$H$502)<=IFERROR(DATEVALUE(A14&""),A14))*(IFERROR(DATEVALUE(SCD_Data!$I$3:$I$502&""),SCD_Data!$I$3:$I$502)>=IFERROR(DATEVALUE(A14&""),A14))*(ROW(SCD_Data!$A$3:$A$502)-2))),"—")) -> Chicago | L14: =IF(A14="","",IFERROR(INDEX(SCD_Data!$G$3:$G$502,SUMPRODUCT((SCD_Data!$A$3:$A$502=B14)*(IFERROR(DATEVALUE(SCD_Data!$H$3:$H$502&""),SCD_Data!$H$3:$H$502)<=IFERROR(DATEVALUE(A14&""),A14))*(IFERROR(DATEVALUE(SCD_Data!$I$3:$I$502&""),SCD_Data!$I$3:$I$502)>=IFERROR(DATEVALUE(A14&""),A14))*(ROW(SCD_Data!$A$3:$A$502)-2))),"—")) -> M004 | M14: =IF(A14="","",IF(H14="—","—",IF(C14&""=H14&"","✓","✗"))) -> ✓ | N14: =IF(A14="","",IF(H14="—","—",IF(D14&""=I14&"","✓","✗"))) -> ✓ | O14: =IF(A14="","",IF(H14="—","—",IF(ABS(E14-J14)<0.01,"✓","✗"))) -> ✗ | P14: =IF(A14="","",IF(H14="—","—",IF(F14&""=K14&"","✓","✗"))) -> ✓ | Q14: =IF(A14="","",IF(H14="—","—",IF(G14&""=L14&"","✓","✗"))) -> ✓ | R14: =IF(A14="","",IF(COUNTIF(M14:Q14,"—")=5,"⚠ NO SCD ROW",IF(COUNTIF(M14:Q14,"✗")>0,"❌ MISMATCH","✅ MATCH"))) -> ❌ MISMATCH
A15: =IF(Daily_Data!A14="","",Daily_Data!A14) | B15: =IF(Daily_Data!B14="","",Daily_Data!B14) | C15: =IF(A15="","",Daily_Data!C14) | D15: =IF(A15="","",Daily_Data!D14) | E15: =IF(A15="","",Daily_Data!E14) | F15: =IF(A15="","",Daily_Data!F14) | G15: =IF(A15="","",Daily_Data!G14) | H15: =IF(A15="","",IFERROR(INDEX(SCD_Data!$C$3:$C$502,SUMPRODUCT((SCD_Data!$A$3:$A$502=B15)*(IFERROR(DATEVALUE(SCD_Data!$H$3:$H$502&""),SCD_Data!$H$3:$H$502)<=IFERROR(DATEVALUE(A15&""),A15))*(IFERROR(DATEVALUE(SCD_Data!$I$3:$I$502&""),SCD_Data!$I$3:$I$502)>=IFERROR(DATEVALUE(A15&""),A15))*(ROW(SCD_Data!$A$3:$A$502)-2))),"—")) | I15: =IF(A15="","",IFERROR(INDEX(SCD_Data!$D$3:$D$502,SUMPRODUCT((SCD_Data!$A$3:$A$502=B15)*(IFERROR(DATEVALUE(SCD_Data!$H$3:$H$502&""),SCD_Data!$H$3:$H$502)<=IFERROR(DATEVALUE(A15&""),A15))*(IFERROR(DATEVALUE(SCD_Data!$I$3:$I$502&""),SCD_Data!$I$3:$I$502)>=IFERROR(DATEVALUE(A15&""),A15))*(ROW(SCD_Data!$A$3:$A$502)-2))),"—")) | J15: =IF(A15="","",IFERROR(INDEX(SCD_Data!$E$3:$E$502,SUMPRODUCT((SCD_Data!$A$3:$A$502=B15)*(IFERROR(DATEVALUE(SCD_Data!$H$3:$H$502&""),SCD_Data!$H$3:$H$502)<=IFERROR(DATEVALUE(A15&""),A15))*(IFERROR(DATEVALUE(SCD_Data!$I$3:$I$502&""),SCD_Data!$I$3:$I$502)>=IFERROR(DATEVALUE(A15&""),A15))*(ROW(SCD_Data!$A$3:$A$502)-2))),"—")) | K15: =IF(A15="","",IFERROR(INDEX(SCD_Data!$F$3:$F$502,SUMPRODUCT((SCD_Data!$A$3:$A$502=B15)*(IFERROR(DATEVALUE(SCD_Data!$H$3:$H$502&""),SCD_Data!$H$3:$H$502)<=IFERROR(DATEVALUE(A15&""),A15))*(IFERROR(DATEVALUE(SCD_Data!$I$3:$I$502&""),SCD_Data!$I$3:$I$502)>=IFERROR(DATEVALUE(A15&""),A15))*(ROW(SCD_Data!$A$3:$A$502)-2))),"—")) | L15: =IF(A15="","",IFERROR(INDEX(SCD_Data!$G$3:$G$502,SUMPRODUCT((SCD_Data!$A$3:$A$502=B15)*(IFERROR(DATEVALUE(SCD_Data!$H$3:$H$502&""),SCD_Data!$H$3:$H$502)<=IFERROR(DATEVALUE(A15&""),A15))*(IFERROR(DATEVALUE(SCD_Data!$I$3:$I$502&""),SCD_Data!$I$3:$I$502)>=IFERROR(DATEVALUE(A15&""),A15))*(ROW(SCD_Data!$A$3:$A$502)-2))),"—")) | M15: =IF(A15="","",IF(H15="—","—",IF(C15&""=H15&"","✓","✗"))) | N15: =IF(A15="","",IF(H15="—","—",IF(D15&""=I15&"","✓","✗"))) | O15: =IF(A15="","",IF(H15="—","—",IF(ABS(E15-J15)<0.01,"✓","✗"))) | P15: =IF(A15="","",IF(H15="—","—",IF(F15&""=K15&"","✓","✗"))) | Q15: =IF(A15="","",IF(H15="—","—",IF(G15&""=L15&"","✓","✗"))) | R15: =IF(A15="","",IF(COUNTIF(M15:Q15,"—")=5,"⚠ NO SCD ROW",IF(COUNTIF(M15:Q15,"✗")>0,"❌ MISMATCH","✅ MATCH")))
... A503: =IF(Daily_Data!A502="","",Daily_Data!A502) | B503: =IF(Daily_Data!B502="","",Daily_Data!B502) | C503: =IF(A503="","",Daily_Data!C502) | D503: =IF(A503="","",Daily_Data!D502) | E503: =IF(A503="","",Daily_Data!E502) | F503: =IF(A503="","",Daily_Data!F502) | G503: =IF(A503="","",Daily_Data!G502) | H503: =IF(A503="","",IFERROR(INDEX(SCD_Data!$C$3:$C$502,SUMPRODUCT((SCD_Data!$A$3:$A$502=B503)*(IFERROR(DATEVALUE(SCD_Data!$H$3:$H$502&""),SCD_Data!$H$3:$H$502)<=IFERROR(DATEVALUE(A503&""),A503))*(IFERROR(DATEVALUE(SCD_Data!$I$3:$I$502&""),SCD_Data!$I$3:$I$502)>=IFERROR(DATEVALUE(A503&""),A503))*(ROW(SCD_Data!$A$3:$A$502)-2))),"—")) | I503: =IF(A503="","",IFERROR(INDEX(SCD_Data!$D$3:$D$502,SUMPRODUCT((SCD_Data!$A$3:$A$502=B503)*(IFERROR(DATEVALUE(SCD_Data!$H$3:$H$502&""),SCD_Data!$H$3:$H$502)<=IFERROR(DATEVALUE(A503&""),A503))*(IFERROR(DATEVALUE(SCD_Data!$I$3:$I$502&""),SCD_Data!$I$3:$I$502)>=IFERROR(DATEVALUE(A503&""),A503))*(ROW(SCD_Data!$A$3:$A$502)-2))),"—")) | J503: =IF(A503="","",IFERROR(INDEX(SCD_Data!$E$3:$E$502,SUMPRODUCT((SCD_Data!$A$3:$A$502=B503)*(IFERROR(DATEVALUE(SCD_Data!$H$3:$H$502&""),SCD_Data!$H$3:$H$502)<=IFERROR(DATEVALUE(A503&""),A503))*(IFERROR(DATEVALUE(SCD_Data!$I$3:$I$502&""),SCD_Data!$I$3:$I$502)>=IFERROR(DATEVALUE(A503&""),A503))*(ROW(SCD_Data!$A$3:$A$502)-2))),"—")) | K503: =IF(A503="","",IFERROR(INDEX(SCD_Data!$F$3:$F$502,SUMPRODUCT((SCD_Data!$A$3:$A$502=B503)*(IFERROR(DATEVALUE(SCD_Data!$H$3:$H$502&""),SCD_Data!$H$3:$H$502)<=IFERROR(DATEVALUE(A503&""),A503))*(IFERROR(DATEVALUE(SCD_Data!$I$3:$I$502&""),SCD_Data!$I$3:$I$502)>=IFERROR(DATEVALUE(A503&""),A503))*(ROW(SCD_Data!$A$3:$A$502)-2))),"—")) | L503: =IF(A503="","",IFERROR(INDEX(SCD_Data!$G$3:$G$502,SUMPRODUCT((SCD_Data!$A$3:$A$502=B503)*(IFERROR(DATEVALUE(SCD_Data!$H$3:$H$502&""),SCD_Data!$H$3:$H$502)<=IFERROR(DATEVALUE(A503&""),A503))*(IFERROR(DATEVALUE(SCD_Data!$I$3:$I$502&""),SCD_Data!$I$3:$I$502)>=IFERROR(DATEVALUE(A503&""),A503))*(ROW(SCD_Data!$A$3:$A$502)-2))),"—")) | M503: =IF(A503="","",IF(H503="—","—",IF(C503&""=H503&"","✓","✗"))) | N503: =IF(A503="","",IF(H503="—","—",IF(D503&""=I503&"","✓","✗"))) | O503: =IF(A503="","",IF(H503="—","—",IF(ABS(E503-J503)<0.01,"✓","✗"))) | P503: =IF(A503="","",IF(H503="—","—",IF(F503&""=K503&"","✓","✗"))) | Q503: =IF(A503="","",IF(H503="—","—",IF(G503&""=L503&"","✓","✗"))) | R503: =IF(A503="","",IF(COUNTIF(M503:Q503,"—")=5,"⚠ NO SCD ROW",IF(COUNTIF(M503:Q503,"✗")>0,"❌ MISMATCH","✅ MATCH")))

Sheet Mismatch_Only
A1: ❌ MISMATCHES & GAPS ONLY — Auto-filtered from Reconciliation tab | Refresh: Ctrl+Alt+F9
A2: effective_date | B2: employee_id | C2: D_dept | D2: D_title | E2: D_salary | F2: D_location | G2: D_mgr | H2: S_dept | I2: S_title | J2: S_salary | K2: S_location | L2: S_mgr | M2: dept? | N2: title? | O2: salary? | P2: loc? | Q2: mgr? | R2: OVERALL STATUS
A3: =IF(R3="","",Reconciliation!A4) | B3: =IF(R3="","",Reconciliation!B4) | C3: =IF(R3="","",Reconciliation!C4) | D3: =IF(R3="","",Reconciliation!D4) | E3: =IF(R3="","",Reconciliation!E4) | F3: =IF(R3="","",Reconciliation!F4) | G3: =IF(R3="","",Reconciliation!G4) | H3: =IF(R3="","",Reconciliation!H4) | I3: =IF(R3="","",Reconciliation!I4) | J3: =IF(R3="","",Reconciliation!J4) | K3: =IF(R3="","",Reconciliation!K4) | L3: =IF(R3="","",Reconciliation!L4) | M3: =IF(R3="","",Reconciliation!M4) | N3: =IF(R3="","",Reconciliation!N4) | O3: =IF(R3="","",Reconciliation!O4) | P3: =IF(R3="","",Reconciliation!P4) | Q3: =IF(R3="","",Reconciliation!Q4) | R3: =IF(OR(Reconciliation!R4="✅ MATCH",Reconciliation!R4=""),"",Reconciliation!R4)
A4: =IF(R4="","",Reconciliation!A5) | B4: =IF(R4="","",Reconciliation!B5) | C4: =IF(R4="","",Reconciliation!C5) | D4: =IF(R4="","",Reconciliation!D5) | E4: =IF(R4="","",Reconciliation!E5) | F4: =IF(R4="","",Reconciliation!F5) | G4: =IF(R4="","",Reconciliation!G5) | H4: =IF(R4="","",Reconciliation!H5) | I4: =IF(R4="","",Reconciliation!I5) | J4: =IF(R4="","",Reconciliation!J5) | K4: =IF(R4="","",Reconciliation!K5) | L4: =IF(R4="","",Reconciliation!L5) | M4: =IF(R4="","",Reconciliation!M5) | N4: =IF(R4="","",Reconciliation!N5) | O4: =IF(R4="","",Reconciliation!O5) | P4: =IF(R4="","",Reconciliation!P5) | Q4: =IF(R4="","",Reconciliation!Q5) | R4: =IF(OR(Reconciliation!R5="✅ MATCH",Reconciliation!R5=""),"",Reconciliation!R5)
A5: =IF(R5="","",Reconciliation!A6) | B5: =IF(R5="","",Reconciliation!B6) | C5: =IF(R5="","",Reconciliation!C6) | D5: =IF(R5="","",Reconciliation!D6) | E5: =IF(R5="","",Reconciliation!E6) | F5: =IF(R5="","",Reconciliation!F6) | G5: =IF(R5="","",Reconciliation!G6) | H5: =IF(R5="","",Reconciliation!H6) | I5: =IF(R5="","",Reconciliation!I6) | J5: =IF(R5="","",Reconciliation!J6) | K5: =IF(R5="","",Reconciliation!K6) | L5: =IF(R5="","",Reconciliation!L6) | M5: =IF(R5="","",Reconciliation!M6) | N5: =IF(R5="","",Reconciliation!N6) | O5: =IF(R5="","",Reconciliation!O6) | P5: =IF(R5="","",Reconciliation!P6) | Q5: =IF(R5="","",Reconciliation!Q6) | R5: =IF(OR(Reconciliation!R6="✅ MATCH",Reconciliation!R6=""),"",Reconciliation!R6)
A6: =IF(R6="","",Reconciliation!A7) | B6: =IF(R6="","",Reconciliation!B7) | C6: =IF(R6="","",Reconciliation!C7) | D6: =IF(R6="","",Reconciliation!D7) | E6: =IF(R6="","",Reconciliation!E7) | F6: =IF(R6="","",Reconciliation!F7) | G6: =IF(R6="","",Reconciliation!G7) | H6: =IF(R6="","",Reconciliation!H7) | I6: =IF(R6="","",Reconciliation!I7) | J6: =IF(R6="","",Reconciliation!J7) | K6: =IF(R6="","",Reconciliation!K7) | L6: =IF(R6="","",Reconciliation!L7) | M6: =IF(R6="","",Reconciliation!M7) | N6: =IF(R6="","",Reconciliation!N7) | O6: =IF(R6="","",Reconciliation!O7) | P6: =IF(R6="","",Reconciliation!P7) | Q6: =IF(R6="","",Reconciliation!Q7) | R6: =IF(OR(Reconciliation!R7="✅ MATCH",Reconciliation!R7=""),"",Reconciliation!R7)
A7: =IF(R7="","",Reconciliation!A8) | B7: =IF(R7="","",Reconciliation!B8) | C7: =IF(R7="","",Reconciliation!C8) | D7: =IF(R7="","",Reconciliation!D8) | E7: =IF(R7="","",Reconciliation!E8) | F7: =IF(R7="","",Reconciliation!F8) | G7: =IF(R7="","",Reconciliation!G8) | H7: =IF(R7="","",Reconciliation!H8) | I7: =IF(R7="","",Reconciliation!I8) | J7: =IF(R7="","",Reconciliation!J8) | K7: =IF(R7="","",Reconciliation!K8) | L7: =IF(R7="","",Reconciliation!L8) | M7: =IF(R7="","",Reconciliation!M8) | N7: =IF(R7="","",Reconciliation!N8) | O7: =IF(R7="","",Reconciliation!O8) | P7: =IF(R7="","",Reconciliation!P8) | Q7: =IF(R7="","",Reconciliation!Q8) | R7: =IF(OR(Reconciliation!R8="✅ MATCH",Reconciliation!R8=""),"",Reconciliation!R8)
A8: =IF(R8="","",Reconciliation!A9) | B8: =IF(R8="","",Reconciliation!B9) | C8: =IF(R8="","",Reconciliation!C9) | D8: =IF(R8="","",Reconciliation!D9) | E8: =IF(R8="","",Reconciliation!E9) | F8: =IF(R8="","",Reconciliation!F9) | G8: =IF(R8="","",Reconciliation!G9) | H8: =IF(R8="","",Reconciliation!H9) | I8: =IF(R8="","",Reconciliation!I9) | J8: =IF(R8="","",Reconciliation!J9) | K8: =IF(R8="","",Reconciliation!K9) | L8: =IF(R8="","",Reconciliation!L9) | M8: =IF(R8="","",Reconciliation!M9) | N8: =IF(R8="","",Reconciliation!N9) | O8: =IF(R8="","",Reconciliation!O9) | P8: =IF(R8="","",Reconciliation!P9) | Q8: =IF(R8="","",Reconciliation!Q9) | R8: =IF(OR(Reconciliation!R9="✅ MATCH",Reconciliation!R9=""),"",Reconciliation!R9)
A9: =IF(R9="","",Reconciliation!A10) | B9: =IF(R9="","",Reconciliation!B10) | C9: =IF(R9="","",Reconciliation!C10) | D9: =IF(R9="","",Reconciliation!D10) | E9: =IF(R9="","",Reconciliation!E10) | F9: =IF(R9="","",Reconciliation!F10) | G9: =IF(R9="","",Reconciliation!G10) | H9: =IF(R9="","",Reconciliation!H10) | I9: =IF(R9="","",Reconciliation!I10) | J9: =IF(R9="","",Reconciliation!J10) | K9: =IF(R9="","",Reconciliation!K10) | L9: =IF(R9="","",Reconciliation!L10) | M9: =IF(R9="","",Reconciliation!M10) | N9: =IF(R9="","",Reconciliation!N10) | O9: =IF(R9="","",Reconciliation!O10) | P9: =IF(R9="","",Reconciliation!P10) | Q9: =IF(R9="","",Reconciliation!Q10) | R9: =IF(OR(Reconciliation!R10="✅ MATCH",Reconciliation!R10=""),"",Reconciliation!R10)
A10: =IF(R10="","",Reconciliation!A11) | B10: =IF(R10="","",Reconciliation!B11) | C10: =IF(R10="","",Reconciliation!C11) | D10: =IF(R10="","",Reconciliation!D11) | E10: =IF(R10="","",Reconciliation!E11) | F10: =IF(R10="","",Reconciliation!F11) | G10: =IF(R10="","",Reconciliation!G11) | H10: =IF(R10="","",Reconciliation!H11) | I10: =IF(R10="","",Reconciliation!I11) | J10: =IF(R10="","",Reconciliation!J11) | K10: =IF(R10="","",Reconciliation!K11) | L10: =IF(R10="","",Reconciliation!L11) | M10: =IF(R10="","",Reconciliation!M11) | N10: =IF(R10="","",Reconciliation!N11) | O10: =IF(R10="","",Reconciliation!O11) | P10: =IF(R10="","",Reconciliation!P11) | Q10: =IF(R10="","",Reconciliation!Q11) | R10: =IF(OR(Reconciliation!R11="✅ MATCH",Reconciliation!R11=""),"",Reconciliation!R11)
A11: =IF(R11="","",Reconciliation!A12) | B11: =IF(R11="","",Reconciliation!B12) | C11: =IF(R11="","",Reconciliation!C12) | D11: =IF(R11="","",Reconciliation!D12) | E11: =IF(R11="","",Reconciliation!E12) | F11: =IF(R11="","",Reconciliation!F12) | G11: =IF(R11="","",Reconciliation!G12) | H11: =IF(R11="","",Reconciliation!H12) | I11: =IF(R11="","",Reconciliation!I12) | J11: =IF(R11="","",Reconciliation!J12) | K11: =IF(R11="","",Reconciliation!K12) | L11: =IF(R11="","",Reconciliation!L12) | M11: =IF(R11="","",Reconciliation!M12) | N11: =IF(R11="","",Reconciliation!N12) | O11: =IF(R11="","",Reconciliation!O12) | P11: =IF(R11="","",Reconciliation!P12) | Q11: =IF(R11="","",Reconciliation!Q12) | R11: =IF(OR(Reconciliation!R12="✅ MATCH",Reconciliation!R12=""),"",Reconciliation!R12)
A12: =IF(R12="","",Reconciliation!A13) -> 2024-04-01 | B12: =IF(R12="","",Reconciliation!B13) -> E003 | C12: =IF(R12="","",Reconciliation!C13) -> HR | D12: =IF(R12="","",Reconciliation!D13) -> HR Director | E12: =IF(R12="","",Reconciliation!E13) -> 105000 | F12: =IF(R12="","",Reconciliation!F13) -> Chicago | G12: =IF(R12="","",Reconciliation!G13) -> M004 | H12: =IF(R12="","",Reconciliation!H13) -> HR | I12: =IF(R12="","",Reconciliation!I13) -> HR Director | J12: =IF(R12="","",Reconciliation!J13) -> 99000 | K12: =IF(R12="","",Reconciliation!K13) -> Chicago | L12: =IF(R12="","",Reconciliation!L13) -> M004 | M12: =IF(R12="","",Reconciliation!M13) -> ✓ | N12: =IF(R12="","",Reconciliation!N13) -> ✓ | O12: =IF(R12="","",Reconciliation!O13) -> ✗ | P12: =IF(R12="","",Reconciliation!P13) -> ✓ | Q12: =IF(R12="","",Reconciliation!Q13) -> ✓ | R12: =IF(OR(Reconciliation!R13="✅ MATCH",Reconciliation!R13=""),"",Reconciliation!R13) -> ❌ MISMATCH
A13: =IF(R13="","",Reconciliation!A14) -> 2024-07-01 | B13: =IF(R13="","",Reconciliation!B14) -> E003 | C13: =IF(R13="","",Reconciliation!C14) -> HR | D13: =IF(R13="","",Reconciliation!D14) -> HR Director | E13: =IF(R13="","",Reconciliation!E14) -> 105000 | F13: =IF(R13="","",Reconciliation!F14) -> Chicago | G13: =IF(R13="","",Reconciliation!G14) -> M004 | H13: =IF(R13="","",Reconciliation!H14) -> HR | I13: =IF(R13="","",Reconciliation!I14) -> HR Director | J13: =IF(R13="","",Reconciliation!J14) -> 99000 | K13: =IF(R13="","",Reconciliation!K14) -> Chicago | L13: =IF(R13="","",Reconciliation!L14) -> M004 | M13: =IF(R13="","",Reconciliation!M14) -> ✓ | N13: =IF(R13="","",Reconciliation!N14) -> ✓ | O13: =IF(R13="","",Reconciliation!O14) -> ✗ | P13: =IF(R13="","",Reconciliation!P14) -> ✓ | Q13: =IF(R13="","",Reconciliation!Q14) -> ✓ | R13: =IF(OR(Reconciliation!R14="✅ MATCH",Reconciliation!R14=""),"",Reconciliation!R14) -> ❌ MISMATCH
A14: =IF(R14="","",Reconciliation!A15) | B14: =IF(R14="","",Reconciliation!B15) | C14: =IF(R14="","",Reconciliation!C15) | D14: =IF(R14="","",Reconciliation!D15) | E14: =IF(R14="","",Reconciliation!E15) | F14: =IF(R14="","",Reconciliation!F15) | G14: =IF(R14="","",Reconciliation!G15) | H14: =IF(R14="","",Reconciliation!H15) | I14: =IF(R14="","",Reconciliation!I15) | J14: =IF(R14="","",Reconciliation!J15) | K14: =IF(R14="","",Reconciliation!K15) | L14: =IF(R14="","",Reconciliation!L15) | M14: =IF(R14="","",Reconciliation!M15) | N14: =IF(R14="","",Reconciliation!N15) | O14: =IF(R14="","",Reconciliation!O15) | P14: =IF(R14="","",Reconciliation!P15) | Q14: =IF(R14="","",Reconciliation!Q15) | R14: =IF(OR(Reconciliation!R15="✅ MATCH",Reconciliation!R15=""),"",Reconciliation!R15)
... A502: =IF(R502="","",Reconciliation!A503) | B502: =IF(R502="","",Reconciliation!B503) | C502: =IF(R502="","",Reconciliation!C503) | D502: =IF(R502="","",Reconciliation!D503) | E502: =IF(R502="","",Reconciliation!E503) | F502: =IF(R502="","",Reconciliation!F503) | G502: =IF(R502="","",Reconciliation!G503) | H502: =IF(R502="","",Reconciliation!H503) | I502: =IF(R502="","",Reconciliation!I503) | J502: =IF(R502="","",Reconciliation!J503) | K502: =IF(R502="","",Reconciliation!K503) | L502: =IF(R502="","",Reconciliation!L503) | M502: =IF(R502="","",Reconciliation!M503) | N502: =IF(R502="","",Reconciliation!N503) | O502: =IF(R502="","",Reconciliation!O503) | P502: =IF(R502="","",Reconciliation!P503) | Q502: =IF(R502="","",Reconciliation!Q503) | R502: =IF(OR(Reconciliation!R503="✅ MATCH",Reconciliation!R503=""),"",Reconciliation!R503)

Sheet Summary_Dashboard
A1: 📊 RECONCILIATION DASHBOARD — Auto-updates when data is pasted
A3: Total Daily Rows | E3: Total SCD Records
A4: =COUNTA(Daily_Data!A3:A502) -> 11 | E4: =COUNTA(SCD_Data!A3:A502) -> 7
A7: ✅ Matches | E7: ❌ Mismatches
A8: =COUNTIF(Reconciliation!R4:R503,"✅ MATCH") -> 9 | E8: =COUNTIF(Reconciliation!R4:R503,"❌ MISMATCH") -> 2
A11: ⚠ No SCD Row | E11: Match Rate
A12: =COUNTIF(Reconciliation!R4:R503,"⚠ NO SCD ROW") -> 0 | E12: =IFERROR(COUNTIF(Reconciliation!R4:R503,"✅ MATCH")/COUNTA(Reconciliation!R4:R503),"—") -> 0.018
A14: ATTRIBUTE-LEVEL MISMATCH COUNT (how many daily rows have a mismatch per attribute)
A15: Attribute | B15: Daily Col | C15: SCD Col | D15: Mismatch Count | E15: % of Total Rows
A16: Department | B16: C (D_dept) | C16: H (S_dept) | D16: =COUNTIF(Reconciliation!M4:M503,"✗") -> 0 | E16: =IFERROR(D16/COUNTA(Reconciliation!R4:R503),"—") -> 0
A17: Job Title | B17: D (D_title) | C17: I (S_title) | D17: =COUNTIF(Reconciliation!N4:N503,"✗") -> 0 | E17: =IFERROR(D17/COUNTA(Reconciliation!R4:R503),"—") -> 0
A18: Salary | B18: E (D_salary) | C18: J (S_salary) | D18: =COUNTIF(Reconciliation!O4:O503,"✗") -> 2 | E18: =IFERROR(D18/COUNTA(Reconciliation!R4:R503),"—") -> 0.004
A19: Location | B19: F (D_location) | C19: K (S_location) | D19: =COUNTIF(Reconciliation!P4:P503,"✗") -> 0 | E19: =IFERROR(D19/COUNTA(Reconciliation!R4:R503),"—") -> 0
A20: Manager ID | B20: G (D_mgr) | C20: L (S_mgr) | D20: =COUNTIF(Reconciliation!Q4:Q503,"✗") -> 0 | E20: =IFERROR(D20/COUNTA(Reconciliation!R4:R503),"—") -> 0

Sheet Instructions
A1: 📘 HOW TO USE — SCD Reconciliation Tool
A2: STEP | B2: ACTION
A3: 1 → Paste Daily Data | B3: Open Daily_Data sheet → clear rows 3+ → paste your daily records. Columns must stay in order: effective_date | employee_id | department | job_title | salary | location | manager_id | employee_name
A4: 2 → Paste SCD Data | B4: Open SCD_Data sheet → clear rows 3+ → paste your SCD records. Columns: employee_id | employee_name | department | job_title | salary | location | manager_id | effective_start_date | effective_end_date
A5: 3 → Force Recalculate | B5: Press Ctrl+Alt+F9 to recalculate all array formulas. (Or go to Formulas → Calculate Now)
A6: 4 → Check Reconciliation | B6: Reconciliation tab shows every daily row with its matching SCD attributes side by side. Filter column R (OVERALL STATUS) to see mismatches only.
A7: 5 → Check Mismatch_Only | B7: Mismatch_Only tab auto-shows only ❌ MISMATCH and ⚠ NO SCD ROW rows — no filtering needed.
A8: 6 → Check Dashboard | B8: Summary_Dashboard gives totals: match count, mismatch count, gaps, and match rate. Attribute breakdown shows which field is dirtiest.
A10: COLUMN GUIDE — Reconciliation
A11: A–B | B11: Lookup keys: effective_date and employee_id (pulled from Daily_Data)
A12: C–G (orange) | B12: Daily_Data values: dept, title, salary, location, manager
A13: H–L (green) | B13: SCD values looked up via date range: same attributes from SCD_Data
A14: M–Q (yellow) | B14: Per-attribute match flags: ✓ = match, ✗ = mismatch, — = no SCD row found
A15: R | B15: Overall status: ✅ MATCH | ❌ MISMATCH | ⚠ NO SCD ROW
A17: LIMITS
A18: Max daily rows | B18: 499 (rows 3–502 in Daily_Data sheet)
A19: Max SCD rows | B19: 499 (rows 3–502 in SCD_Data sheet)
A20: Lookup method | B20: Array formula: INDEX/MATCH with 3-condition AND logic (employee_id + date >= start + date <= end)
A21: Extending capacity | B21: To support more rows: extend the SCD lookup ranges in formulas from $A$3:$A$502 to $A$3:$A$[N+3]
A23: TROUBLESHOOTING
A24: Dates show as numbers | B24: Format the effective_date columns as YYYY-MM-DD date format
A25: Lookup returns — | B25: Check SCD end date — 9999-01-01 must be entered exactly. Check employee_id is an exact text match.
A26: Formulas show as text | B26: Ensure cells are not formatted as Text. Select → Format Cells → General, then re-enter.
A27: Slow calculation | B27: Normal for array formulas on large data. Press Ctrl+Alt+F9 to force recalc once.
